first_name,last_name,email
Jarad,Sperry,jsperry0@so-net.ne.jp
Barclay,de Quesne,bdequesne1@mediafire.com
Bone,Guilliatt,bguilliatt2@businessinsider.com
Luke,Manzell,lmanzell3@netscape.com
Hart,Champley,hchampley4@multiply.com
Salomone,Mapp,smapp5@deliciousdays.com
Thadeus,Chevalier,tchevalier6@amazon.co.jp
Niven,Basley,nbasley7@google.de
Rowney,Ballard,rballard8@wordpress.com
Cynthy,Cadman,ccadman9@123-reg.co.uk
Lilian,Tallach,ltallacha@microsoft.com
Bridgette,Vinas,bvinasb@ox.ac.uk
Manuel,Gulc,mgulcc@imageshack.us
Vivian,Hynde,vhynded@addthis.com
Charmaine,Nevison,cnevisone@hao12m
Feliza,Bortolozzi,fbortolozzif@homestead.com
Mindy,Hanbridge,mhanbridgeg@ebay.com
Toiboid,Feehely,tfeehelyh@fema.gov
Dru,Owain,dowaini@tripod.com
Katine,Duplan,kduplanj@mac.com
Jillie,Cruces,jcrucesk@umich.edu
Raimondo,Trenaman,rtrenamanl@foxnews.com
Ethyl,Fraanchyonok,efraanchyonokm@merriam-webster.com
Cart,Deverose,cdeverosen@spiegel.de
Eliot,Gerrard,egerrardo@latimes.com
Keenan,Aimson,kaimsonp@a8.net
Kim,Gwyn,kgwynq@angelfire.com
Mellie,Wesley,mwesleyr@fema.gov
Tabbie,Simson,tsimsons@liveintern
Ardene,Blowne,ablownet@fastcompany.com
Lamond,Dewicke,ldewickeu@admin.ch
Clair,Hanes,chanesv@last.fm
Augusta,Bemlott,abemlottw@goo.gl
Evvie,Crumby,ecrumbyx@cmu.edu
Carla,Desouza,cdesouzay@hud.gov
Jed,O'Kane,jokanez@reuters.com
Garik,Ranken,granken10@sakura.ne.jp
Andriana,Cotes,acotes11@blogtalkradio.com
Hildegaard,O'Daly,hodaly12@m
Florida,Ovenden,fovenden13@foxnews.com
Derrick,Glasson,dglasson14@busines
Hardy,Johnigan,hjohnigan15@mapque
Piper,Redihalgh,predihalgh16@sakura.ne.jp
Angelina,Jedrzejewsky,ajedrzejewsky17@webs.com
Merla,Palphreyman,mpalphreyman18@digg.com
Barth,Pirrone,bpirrone19@usgs.gov
Salem,Oleszkiewicz,soleszkiewicz1a@telegraph.co.uk
Giovanni,Andreacci,gandreacci1b@alexa.com
Kara,Darragh,kdarragh1c@rambler.ru
Jasmina,Calven,jcalven1d@unicef.org
Brendon,Lardeux,blardeux1e@xinhuanet.com
Svend,Edelmann,sedelmann1f@columbia.edu
Allsun,Greenhalgh,agreenhalgh1g@so-net.ne.jp
Rina,Frow,rfrow1h@icio.us
Uri,Dumpleton,udumpleton1i@reference.com
Mickey,Laurentino,mlaurentino1j@google.com.au
Maryrose,Basillon,mbasillon1k@shinystat.com
Cele,Ebourne,cebourne1l@smh.com.au
Eleonora,Jeggo,ejeggo1m@scientificamerican.com
Carina,Blow,cblow1n@pinterest.com
Homer,Lillicrop,hlillicrop1o@livejournal.com
Otha,Mingard,omingard1p@smh.com.au
Glynda,Swinney,gswinney1q@i2i.jp
Charo,Bolderoe,cbolderoe1r@furl.net
Alethea,Backshell,abackshell1s@g.co
Hobie,Vautre,hvautre1t@vimeo.com
Neil,Watchorn,nwatchorn1u@loc.gov
Merci,O'Nion,monion1v@hud.gov
Midge,Mallord,mmallord1w@paginegialle.it
Anatollo,Nare,anare1x@xrea.com
Kelci,Batrim,kbatrim1y@si.edu
Ashleigh,d' Elboux,adelboux1z@sphinn.com
Avie,Ruslin,aruslin20@rediff.com
Marlena,Tingly,mtingly21@mozilla.com
Abagail,Whiteway,awhiteway22@bizjournals.com
Chris,Kuzemka,ckuzemka23@webnode.com
Nikola,Zoppie,nzoppie24@columbia.edu
Elysee,Genn,egenn25@cdc.gov
Theressa,Wyer,twyer26@slashdot.org
Bob,Loines,bloines27@comcast.net
Woody,Ahrend,wahrend28@cbslocal.com
Hugh,Grinikhin,hgrinikhin29@netscape.com
Sapphire,Quickfall,squickfall2a@nasa.gov
Collie,Stinchcombe,cstinchcombe2b@unicef.org
Raynor,Pellington,rpellington2c@narod.ru
Rube,Naisbet,rnaisbet2d@dedecms.com
David,McGeagh,dmcgeagh2e@hubpages.com
Jessamyn,Llop,jllop2f@imageshack.us
Iolanthe,Goodlet,igoodlet2g@mac.com
Aidan,Redmond,aredmond2h@ow.ly
Terrel,Snibson,tsnibson2i@cbc.ca
Wash,Zini,wzini2j@shop-pro.jp
Leonelle,Livingstone,llivingstone2k@google.it
Lelia,Brasher,lbrasher2l@is.gd
Hildegarde,Muzzullo,hmuzzullo2m@techcrunch.com
Leslie,Aimeric,laimeric2n@ftc.gov
Roch,Dack,rdack2o@dailymotion.com
Morty,Larham,mlarham2p@sogou.com
Finley,Cranmere,fcranmere2q@ning.com
Kippie,Nice,knice2r@issuu.com
Roseanne,Pollie,rpollie2s@unesco.org
Laural,Deering,ldeering2t@wikimedia.org
Christi,Brislawn,cbrislawn2u@canalblog.com
Barrie,Gaiger,bgaiger2v@japanpost.jp
Albie,McMichael,amcmichael2w@wiley.com
Davie,Snelgrove,dsnelgrove2x@opensource.org
Lancelot,Veitch,lveitch2y@over-blog.com
Tildy,Romaine,tromaine2z@who.int
Nata,Walwood,nwalwood30@discuz.net
Chico,Perrycost,cperrycost31@netvibes.com
Craggy,Binne,cbinne32@facebook.com
Peder,Ivasyushkin,pivasyushkin33@google.co.uk
Christyna,Kordova,ckordova34@discovery.com
Mathias,Grint,mgrint35@ezinearticles.com
Emmy,Dalton,edalton36@guardian.co.uk
Birch,Donnachie,bdonnachie37@indiatimes.com
Fulton,Wrigley,fwrigley38@ucoz.com
Vera,Kingswood,vkingswood39@github.com
Benyamin,Darwood,bdarwood3a@soup.io
Lana,McTrustie,lmctrustie3b@forbes.com
Stavros,Crimmins,scrimmins3c@huffingtonpost.com
Granthem,Borzoni,gborzoni3d@apple.com
Erek,Borthe,eborthe3e@buzzfeed.com
Tine,Seers,tseers3f@wikipedia.org
Viviana,Tulk,vtulk3g@tumblr.com
Tabatha,Newtown,tnewtown3h@soup.io
Emelyne,Dello,edello3i@usatoday.com
Peggy,Yarham,pyarham3j@wunderground.com
Fae,Farmloe,ffarmloe3k@smugmug.com
Mag,Stit,mstit3l@examiner.com
Sophi,Vigneron,svigneron3m@yale.edu
Orion,Phalip,ophalip3n@goo.gl
Brita,Jewks,bjewks3o@comsenz.com
Alistair,Sertin,asertin3p@ow.ly
Brianne,Henzley,bhenzley3q@ca.gov
Katey,Lucian,klucian3r@surveymonkey.com
Amory,Ovendon,aovendon3s@goodreads.com
Bethany,Piddletown,bpiddletown3t@twitpic.com
Minetta,Schoenleiter,mschoenleiter3u@guardian.co.uk
Sharleen,Kiffe,skiffe3v@prnewswire.com
Lenka,Gossan,lgossan3w@ning.com
Henka,Portigall,hportigall3x@newsvine.com
Camel,Jarrett,cjarrett3y@last.fm
Ettie,O'Teague,eoteague3z@ezinearticles.com
Lyndy,Kiledal,lkiledal40@hostgator.com
Maggie,Isakovic,misakovic41@irs.gov
Murdoch,Farnin,mfarnin42@blogtalkradio.com
Delcina,Cordingley,dcordingley43@cmu.edu
Teri,Dozdill,tdozdill44@aol.com
Alvin,Turnpenny,aturnpenny45@columbia.edu
Muffin,Audritt,maudritt46@bloomberg.com
Sargent,Bloodworthe,sbloodworthe47@icq.com
Cass,Greason,cgreason48@zimbio.com
Odell,Worledge,oworledge49@wired.com
Matthaeus,France,mfrance4a@yelp.com
Tymon,Camamill,tcamamill4b@google.com.br
Balduin,Friary,bfriary4c@mlb.com
Bobbee,Reichert,breichert4d@samsung.com
Paquito,Errichi,perrichi4e@utexas.edu
Kalindi,Schankelborg,kschankelborg4f@ft.com
Mitchel,Conklin,mconklin4g@baidu.com
Brande,Branigan,bbranigan4h@msn.com
Esmeralda,Claessens,eclaessens4i@exblog.jp
Adair,Blakden,ablakden4j@github.io
Otto,Oakey,ooakey4k@indiegogo.com
Bil,Balleine,bballeine4l@msu.edu
Niki,Searchwell,nsearchwell4m@google.co.jp
Ragnar,Posen,rposen4n@1688.com
Egon,Speechly,espeechly4o@ibm.com
Burt,Bettleson,bbettleson4p@google.ru
Isabelle,Plumb,iplumb4q@last.fm
Jayson,Cordy,jcordy4r@slideshare.net
Maynord,Dunstall,mdunstall4s@skype.com
Georgette,Dummer,gdummer4t@techcrunch.com
Rica,Sikorski,rsikorski4u@ehow.com
Julita,Cristofari,jcristofari4v@washington.edu
Wilow,Spira,wspira4w@guardian.co.uk
Ricky,Wensley,rwensley4x@xinhuanet.com
Giovanni,Bateman,gbateman4y@scientificamerican.com
Lira,Fraschini,lfraschini4z@sbwire.com
Bonny,Goulden,bgoulden50@deviantart.com
Joby,Eastwell,jeastwell51@npr.org
Tresa,Djuricic,tdjuricic52@w3.org
Leonerd,Ricks,lricks53@state.gov
Casi,Amberson,camberson54@sciencedirect.com
Krista,Grzeskowski,kgrzeskowski55@bloglines.com
Delinda,Tidcombe,dtidcombe56@mayoclinic.com
Arielle,Baterip,abaterip57@vk.com
Malynda,Standidge,mstandidge58@clickbank.net
Sibby,McAline,smcaline59@sciencedaily.com
Arda,Collingworth,acollingworth5a@seattletimes.com
Amy,Crumbleholme,acrumbleholme5b@wikispaces.com
Electra,Capstake,ecapstake5c@wufoo.com
Hi,Marciskewski,hmarciskewski5d@parallels.com
Ignaz,Dorning,idorning5e@51.la
Jesselyn,Leathlay,jleathlay5f@seattletimes.com
Calli,Snashall,csnashall5g@ifeng.com
Caitrin,Lysons,clysons5h@oakley.com
Chryste,Riep,criep5i@barnesandnoble.com
Nerta,Flintoffe,nflintoffe5j@archive.org
Gerianna,Mcettrick,gmcettrick5k@netscape.com
Roseanne,Pinching,rpinching5l@google.co.jp
Duane,Mattholie,dmattholie5m@sitemeter.com
Ulrica,Coiley,ucoiley5n@aol.com
Sela,Peddersen,speddersen5o@vinaora.com
Yorker,Oakeshott,yoakeshott5p@google.fr
Chloette,Briffett,cbriffett5q@skyrock.com
Nana,Rennie,nrennie5r@google.com.hk
Bari,Wemyss,bwemyss5s@fotki.com
Gasparo,Carbett,gcarbett5t@wufoo.com
Harri,Fills,hfills5u@omniture.com
Bogey,Pimmocke,bpimmocke5v@alibaba.com
Georgena,Richin,grichin5w@va.gov
Carr,Hastewell,chastewell5x@phoca.cz
Opal,Brimming,obrimming5y@guardian.co.uk
Moishe,Spat,mspat5z@geocities.com
Hamilton,Suttling,hsuttling60@ezinearticles.com
Dari,Gurery,dgurery61@amazon.com
Homere,Davenall,hdavenall62@google.cn
Misha,MacPaike,mmacpaike63@meetup.com
Nara,Keen,nkeen64@google.com.br
Bonnibelle,Panswick,bpanswick65@ustream.tv
Luce,Goodman,lgoodman66@kickstarter.com
Lurette,Cammis,lcammis67@wikipedia.org
Boote,Curds,bcurds68@newsvine.com
Sammy,Tackett,stackett69@booking.com
Johna,Stailey,jstailey6a@t.co
Krisha,Nelligan,knelligan6b@earthlink.net
Boote,Lighton,blighton6c@flavors.me
Delmor,Hatry,dhatry6d@live.com
Benedetto,Sponder,bsponder6e@newyorker.com
Shae,Buttwell,sbuttwell6f@abc.net.au
Calhoun,Mathieu,cmathieu6g@unicef.org
Leola,Yardy,lyardy6h@topsy.com
Theresina,Curlis,tcurlis6i@ucoz.ru
Gayelord,Duplan,gduplan6j@microsoft.com
Harmony,Orkney,horkney6k@1688.com
Pennie,Valens-Smith,pvalenssmith6l@wikimedia.org
Nicola,Maffioletti,nmaffioletti6m@epa.gov
Camila,O'Brian,cobrian6n@economist.com
Revkah,Jurisch,rjurisch6o@columbia.edu
Giacopo,Churcher,gchurcher6p@weibo.com
Fransisco,Hadfield,fhadfield6q@moonfruit.com
Jillana,Bowne,jbowne6r@marriott.com
Cristen,Garbert,cgarbert6s@devhub.com
Salome,Scouler,sscouler6t@sciencedaily.com
Lavinie,Antognoni,lantognoni6u@lycos.com
Marys,Madders,mmadders6v@acquirethisname.com
Basil,Muscott,bmuscott6w@marketwatch.com
Hollie,Berwick,hberwick6x@npr.org
Gayelord,Paler,gpaler6y@naver.com
Quinn,Chasney,qchasney6z@businesswire.com
Sherill,Bernadzki,sbernadzki70@businessweek.com
Petra,McCready,pmccready71@chron.com
Marcie,Grenville,mgrenville72@youtu.be
Pamella,Skittrall,pskittrall73@sitemeter.com
Quintina,Schoular,qschoular74@over-blog.com
Jemmie,Nock,jnock75@utexas.edu
Tamiko,Siaskowski,tsiaskowski76@ibm.com
Sean,Rannie,srannie77@google.pl
Myrta,Redwall,mredwall78@123-reg.co.uk
Laurianne,Jepp,ljepp79@altervista.org
Ellary,Lumsdall,elumsdall7a@imdb.com
Adiana,Nutter,anutter7b@feedburner.com
Maria,Reditt,mreditt7c@smh.com.au
Justin,Thatcher,jthatcher7d@addtoany.com
Pepita,Staries,pstaries7e@bandcamp.com
Alastair,Lavalle,alavalle7f@aol.com
Corella,Quittonden,cquittonden7g@rediff.com
Jere,Aimable,jaimable7h@wiley.com
Hillary,Nayer,hnayer7i@cbslocal.com
Arny,Twamley,atwamley7j@cpanel.net
Quentin,Ezele,qezele7k@i2i.jp
Gertrudis,Korneichik,gkorneichik7l@dropbox.com
Therine,MacGiffin,tmacgiffin7m@deliciousdays.com
Valina,Fine,vfine7n@nyu.edu
Kasper,Back,kback7o@hostgator.com
Washington,Marklin,wmarklin7p@dion.ne.jp
Jamill,Della,jdella7q@auda.org.au
Michal,Thistleton,mthistleton7r@princeton.edu
Jud,Exeter,jexeter7s@furl.net
Adoree,Tangye,atangye7t@who.int
Talyah,Lainton,tlainton7u@pinterest.com
Brenn,January 1st,bjanuaryst7v@imageshack.us
Ray,De Mico,rdemico7w@youtu.be
Russell,McKall,rmckall7x@feedburner.com
Ruthy,Heskin,rheskin7y@sfgate.com
Anabelle,Fearnyough,afearnyough7z@google.com.au
Steffie,Trymme,strymme80@shutterfly.com
Marilee,Muzzillo,mmuzzillo81@myspace.com
Kent,Glason,kglason82@xrea.com
Constantino,Tattershall,ctattershall83@cbslocal.com
Christiano,Geale,cgeale84@stumbleupon.com
Robina,Raulstone,rraulstone85@bravesites.com
Gerard,Kitchener,gkitchener86@edublogs.org
Brand,Craigg,bcraigg87@geocities.com
Eberhard,Faldo,efaldo88@macromedia.com
Byram,Baleine,bbaleine89@nhs.uk
Corly,Bubbear,cbubbear8a@weibo.com
Beck,Waulker,bwaulker8b@google.com.au
Tadio,McArley,tmcarley8c@mayoclinic.com
Ara,Welling,awelling8d@rediff.com
Janette,Minchella,jminchella8e@state.tx.us
Albina,Lahrs,alahrs8f@nsw.gov.au
Evelina,Gumby,egumby8g@cargocollective.com
Ruben,Cogar,rcogar8h@de.vu
Angelle,Mawditt,amawditt8i@altervista.org
Lida,Pocke,lpocke8j@instagram.com
Claudina,Gayforth,cgayforth8k@unicef.org
Philbert,Tregona,ptregona8l@elegantthemes.com
Kevyn,Tighe,ktighe8m@wufoo.com
Mike,Gerrietz,mgerrietz8n@eventbrite.com
Minni,Alders,malders8o@usgs.gov
Joey,Ribbon,jribbon8p@tinypic.com
Stephine,Coote,scoote8q@phpbb.com
Des,Keatley,dkeatley8r@va.gov
Ogden,Prosser,oprosser8s@go.com
Debera,Mantripp,dmantripp8t@google.com
Bernadene,Weedall,bweedall8u@prweb.com
Ashely,Pirson,apirson8v@tiny.cc
Alastair,Aspinell,aaspinell8w@paypal.com
Vilma,Smithin,vsmithin8x@oakley.com
Aldis,Orteau,aorteau8y@unblog.fr
Gretna,Windaybank,gwindaybank8z@hatena.ne.jp
Lela,Tuftin,ltuftin90@wp.com
Danila,Aldine,daldine91@com.com
Kellen,Lemoir,klemoir92@npr.org
Durward,Edgington,dedgington93@skyrock.com
Verena,Mardle,vmardle94@cafepress.com
Hollis,Abramski,habramski95@deviantart.com
Kristien,Kenelin,kkenelin96@hubpages.com
Oran,Bysouth,obysouth97@apple.com
Garv,Nuschke,gnuschke98@bloomberg.com
Iggy,Dietmar,idietmar99@slashdot.org
Vincenty,Sones,vsones9a@123-reg.co.uk
Skelly,Timlin,stimlin9b@narod.ru
Jens,Poyle,jpoyle9c@washingtonpost.com
Clement,Rillstone,crillstone9d@mtv.com
Agnese,Hamman,ahamman9e@smugmug.com
Meade,Dufaur,mdufaur9f@exblog.jp
Colly,MacCostye,cmaccostye9g@people.com.cn
Kip,Bevington,kbevington9h@51.la
Marilin,Galier,mgalier9i@yahoo.com
Rudolfo,Mylchreest,rmylchreest9j@a8.net
Kalli,Romain,kromain9k@yale.edu
Baillie,Mayman,bmayman9l@multiply.com
Matthaeus,Mugford,mmugford9m@sun.com
Walden,Smewin,wsmewin9n@spiegel.de
Emiline,Bowld,ebowld9o@1688.com
Leela,Neeves,lneeves9p@apple.com
Halimeda,Cockell,hcockell9q@vk.com
Raddy,Lettington,rlettington9r@unesco.org
Haskel,Coetzee,hcoetzee9s@webnode.com
Morton,Pashby,mpashby9t@issuu.com
Blondie,Aasaf,baasaf9u@google.ru
Tootsie,Panter,tpanter9v@cnn.com
Andy,Belward,abelward9w@java.com
Pasquale,Bagley,pbagley9x@discovery.com
Else,Nordass,enordass9y@ibm.com
Glenn,Honisch,ghonisch9z@phpbb.com
Aldo,Yurchishin,ayurchishina0@bbb.org
Jen,Malamore,jmalamorea1@vk.com
Valida,Millsom,vmillsoma2@vistaprint.com
Garry,McNevin,gmcnevina3@technorati.com
Denis,Castiello,dcastielloa4@latimes.com
Star,Arsey,sarseya5@hubpages.com
Oby,O'Mailey,oomaileya6@delicious.com
Dimitry,Bolens,dbolensa7@w3.org
Davy,McCard,dmccarda8@pinterest.com
Gates,Potteridge,gpotteridgea9@jugem.jp
Ilene,Stark,istarkaa@istockphoto.com
Xymenes,Wilkie,xwilkieab@exblog.jp
Valli,Ayer,vayerac@salon.com
Berrie,Labrenz,blabrenzad@xing.com
Wallis,Warlaw,wwarlawae@apple.com
Wendie,Greves,wgrevesaf@cbsnews.com
Otho,Wetherby,owetherbyag@un.org
Gerianna,Saddington,gsaddingtonah@howstuffworks.com
Hugh,Saltrese,hsaltreseai@homestead.com
Mozelle,Dearnaley,mdearnaleyaj@nasa.gov
Georgette,Jowling,gjowlingak@dmoz.org
Kerr,Matkin,kmatkinal@twitter.com
Robbie,Manger,rmangeram@sohu.com
Kym,Jaycox,kjaycoxan@netscape.com
Abe,Pitherick,apitherickao@soundcloud.com
Henryetta,Tatteshall,htatteshallap@booking.com
Giorgi,Loud,gloudaq@mail.ru
Melitta,Beardall,mbeardallar@ask.com
Dougie,Spensly,dspenslyas@google.cn
Lynna,Cockings,lcockingsat@com.com
Adelaida,Youens,ayouensau@cam.ac.uk
Salaidh,Arthey,sartheyav@indiegogo.com
Bartholomeo,Stuchberry,bstuchberryaw@tripadvisor.com
Obie,Streeter,ostreeterax@nih.gov
Tove,Lethley,tlethleyay@weibo.com
Hastings,Wafer,hwaferaz@amazon.co.uk
Verna,Szreter,vszreterb0@un.org
Chicky,Kreutzer,ckreutzerb1@wordpress.com
Barris,Beamiss,bbeamissb2@lulu.com
Keenan,Bamsey,kbamseyb3@ft.com
Kassandra,Haquard,khaquardb4@va.gov
Brunhilda,Menhci,bmenhcib5@wikia.com
Kip,Stanners,kstannersb6@ucoz.com
Humphrey,Wilne,hwilneb7@nature.com
Sandro,Peasegood,speasegoodb8@constantcontact.com
Elston,Millen,emillenb9@photobucket.com
Sibel,Reany,sreanyba@dagondesign.com
Boothe,Saltwell,bsaltwellbb@google.com
Harald,Faichnie,hfaichniebc@github.io
Marcelo,Guillond,mguillondbd@huffingtonpost.com
Stevie,Toppes,stoppesbe@ed.gov
Jordain,Vasilchikov,jvasilchikovbf@last.fm
Jami,MacConnel,jmacconnelbg@google.de
Shelby,Camilli,scamillibh@amazon.co.uk
Brina,Safe,bsafebi@smugmug.com
Garrick,Antley,gantleybj@sourceforge.net
Petronia,Wainwright,pwainwrightbk@springer.com
Harland,Spaxman,hspaxmanbl@hibu.com
Shelli,Domaschke,sdomaschkebm@sogou.com
Lorri,Vass,lvassbn@pcworld.com
Troy,Dowse,tdowsebo@printfriendly.com
Iris,Cominotti,icominottibp@army.mil
Phillida,Deaville,pdeavillebq@google.fr
Tony,McQuade,tmcquadebr@guardian.co.uk
Eirena,Keyhoe,ekeyhoebs@amazon.de
Muriel,Duval,mduvalbt@twitpic.com
Ericha,Turneux,eturneuxbu@thetimes.co.uk
Nappie,Heartfield,nheartfieldbv@quantcast.com
Adamo,Saywood,asaywoodbw@netscape.com
Lauren,Sparkwell,lsparkwellbx@addthis.com
Teddy,Sphinxe,tsphinxeby@uol.com.br
Rem,Brunsen,rbrunsenbz@digg.com
Rochella,Stacey,rstaceyc0@senate.gov
Bettine,Crowson,bcrowsonc1@odnoklassniki.ru
Moina,Cowpertwait,mcowpertwaitc2@imgur.com
Pat,Creeboe,pcreeboec3@gov.uk
Sherrie,Dammarell,sdammarellc4@sphinn.com
Roddy,Chate,rchatec5@cyberchimps.com
Mason,Maase,mmaasec6@mozilla.com
Christoper,Denson,cdensonc7@si.edu
Celinda,Pitrelli,cpitrellic8@diigo.com
Emery,O'Grada,eogradac9@chron.com
Lacee,Yaneev,lyaneevca@tumblr.com
Adolph,Matashkin,amatashkincb@reddit.com
Bax,Tiuit,btiuitcc@google.ru
Theodosia,O'Kuddyhy,tokuddyhycd@sciencedaily.com
Wes,Ruggles,wrugglesce@t-online.de
Amby,Grocutt,agrocuttcf@usgs.gov
Estelle,Franc,efranccg@oracle.com
Eloise,Garnsey,egarnseych@bloomberg.com
Brit,Scamadin,bscamadinci@webmd.com
Druci,Crosskell,dcrosskellcj@furl.net
Drake,Toman,dtomanck@google.nl
Ritchie,Probart,rprobartcl@infoseek.co.jp
Nicola,Marrison,nmarrisoncm@jugem.jp
Sileas,Maskew,smaskewcn@newyorker.com
Jobye,Hawkyens,jhawkyensco@usatoday.com
Clarinda,Frame,cframecp@w3.org
Alayne,Hirtz,ahirtzcq@hatena.ne.jp
Hersh,Surgenor,hsurgenorcr@walmart.com
Cherilyn,Kingsman,ckingsmancs@yandex.ru
Tori,Monkley,tmonkleyct@wp.com
Adan,Marwick,amarwickcu@clickbank.net
Joel,Kopman,jkopmancv@opensource.org
Glyn,Donnel,gdonnelcw@ca.gov
Linnie,Danielsson,ldanielssoncx@apache.org
Wiley,Tosspell,wtosspellcy@walmart.com
Vince,McGaugan,vmcgaugancz@facebook.com
Taffy,Yurshev,tyurshevd0@lycos.com
Chico,McArthur,cmcarthurd1@economist.com
Clarey,Limpricht,climprichtd2@bravesites.com
Goddard,Keir,gkeird3@bloomberg.com
Johnna,Easter,jeasterd4@webmd.com
Ardith,Neasam,aneasamd5@uiuc.edu
Wilie,Eathorne,weathorned6@51.la
Vladamir,Dencs,vdencsd7@geocities.jp
Marcel,Frosdick,mfrosdickd8@hubpages.com
Cherie,Carmont,ccarmontd9@blogspot.com
Allard,Petracco,apetraccoda@de.vu
Kermie,Clohisey,kclohiseydb@i2i.jp
Chad,Nairy,cnairydc@devhub.com
Siffre,Strippling,sstripplingdd@amazon.com
Webb,Fernely,wfernelyde@nature.com
Melisa,Tschierasche,mtschieraschedf@bloomberg.com
Sherye,Pollicott,spollicottdg@vistaprint.com
Elwyn,Waller,ewallerdh@imdb.com
Celka,Hackford,chackforddi@google.com.br
Andras,Sommerland,asommerlanddj@typepad.com
Sigismond,Gebbe,sgebbedk@ning.com
Tybalt,Aggott,taggottdl@hugedomains.com
Danny,Bertomieu,dbertomieudm@fc2.com
Lonnard,O'Mahoney,lomahoneydn@so-net.ne.jp
Nanci,Spurryer,nspurryerdo@techcrunch.com
Cirillo,Yaakov,cyaakovdp@amazon.com
Angelina,Dayes,adayesdq@facebook.com
Zachary,Tarply,ztarplydr@networkadvertising.org
Jelene,Mar,jmards@latimes.com
Jada,Bertwistle,jbertwistledt@berkeley.edu
Lauritz,Gittis,lgittisdu@mac.com
Alvira,Shearsby,ashearsbydv@yellowbook.com
Ax,Frankis,afrankisdw@ibm.com
Geralda,Critch,gcritchdx@seesaa.net
Reuben,Hamly,rhamlydy@drupal.org
Emlyn,Flecknoe,eflecknoedz@psu.edu
Kristoforo,Nayshe,knayshee0@joomla.org
Beniamino,Izatt,bizatte1@irs.gov
Terri,Shoveller,tshovellere2@myspace.com
Doti,Wrey,dwreye3@merriam-webster.com
Aggi,Knapton,aknaptone4@photobucket.com
Zoe,Lobell,zlobelle5@symantec.com
Regine,Lodwick,rlodwicke6@boston.com
Ranna,Scannell,rscannelle7@dyndns.org
Florri,Fellona,ffellonae8@aboutads.info
Lisetta,Gaskoin,lgaskoine9@epa.gov
Wildon,Beadell,wbeadellea@drupal.org
Tallie,Buckingham,tbuckinghameb@4shared.com
Emlyn,Wooffinden,ewooffindenec@slashdot.org
Shepperd,Pidgeley,spidgeleyed@washingtonpost.com
Camella,Sparshatt,csparshattee@bandcamp.com
Jodee,Grzeszczak,jgrzeszczakef@blogger.com
Glad,Rowling,growlingeg@csmonitor.com
Seline,Boissieux,sboissieuxeh@myspace.com
Rouvin,Vila,rvilaei@soup.io
Robenia,Kettle,rkettleej@merriam-webster.com
Liane,Relton,lreltonek@google.ru
Kial,Presdee,kpresdeeel@nhs.uk
Hedwig,Caldaro,hcaldaroem@census.gov
Melinde,Hynd,mhynden@tinypic.com
Ilyse,Nertney,inertneyeo@sciencedirect.com
Terri-jo,Babar,tbabarep@free.fr
Gauthier,Westover,gwestovereq@yale.edu
Genovera,Griffithe,ggriffitheer@statcounter.com
Ophelia,Sign,osignes@businesswire.com
Ingemar,Routley,iroutleyet@diigo.com
Chane,Haines,chaineseu@nbcnews.com
Ninnetta,Brettle,nbrettleev@goo.gl
Doralia,Scruby,dscrubyew@pcworld.com
Ailyn,Lindgren,alindgrenex@facebook.com
Christophe,Spraggon,cspraggoney@sina.com.cn
Eugenio,Slaght,eslaghtez@skype.com
Norris,Pretswell,npretswellf0@wikispaces.com
Shermy,Rushford,srushfordf1@spiegel.de
Esmaria,MacBean,emacbeanf2@sciencedirect.com
Camey,Henkens,chenkensf3@umn.edu
Sosanna,Hoxey,shoxeyf4@columbia.edu
Humphrey,Buard,hbuardf5@sbwire.com
Myrle,Frascone,mfrasconef6@chicagotribune.com
Demeter,Limbourne,dlimbournef7@friendfeed.com
Willey,Ielden,wieldenf8@squarespace.com
Konstantin,Womersley,kwomersleyf9@netscape.com
Mario,Maryman,mmarymanfa@yelp.com
Trevor,Michelle,tmichellefb@bbc.co.uk
Enid,Drysdell,edrysdellfc@dot.gov
Marion,Greening,mgreeningfd@skype.com
Becka,Joynes,bjoynesfe@sourceforge.net
Ray,Scotchmore,rscotchmoreff@google.ca
Ulrikaumeko,Fahy,ufahyfg@liveinternet.ru
Odo,Hails,ohailsfh@blinklist.com
Wilmer,Olanda,wolandafi@spiegel.de
Lettie,Marioneau,lmarioneaufj@facebook.com
Cornie,Sterrie,csterriefk@unc.edu
Agnesse,Hackley,ahackleyfl@ehow.com
Cello,Stainfield,cstainfieldfm@comcast.net
Vivien,Livermore,vlivermorefn@apache.org
Candace,McGillicuddy,cmcgillicuddyfo@nature.com
Thomas,Laverick,tlaverickfp@fda.gov
Linnie,Cram,lcramfq@cargocollective.com
Manya,Patrie,mpatriefr@clickbank.net
Glenda,Hegley,ghegleyfs@angelfire.com
Zsa zsa,Grabert,zgrabertft@usgs.gov
Egbert,Charrington,echarringtonfu@privacy.gov.au
Arv,Overstreet,aoverstreetfv@vistaprint.com
Rodrick,Ransom,rransomfw@alibaba.com
Lutero,Houseman,lhousemanfx@loc.gov
Ryan,Trowler,rtrowlerfy@t-online.de
Blythe,Ipsley,bipsleyfz@prlog.org
Burlie,Malamore,bmalamoreg0@is.gd
Lynette,Bettesworth,lbettesworthg1@auda.org.au
Say,Titta,stittag2@ustream.tv
Morie,De Witt,mdewittg3@paypal.com
Nikki,Trevethan,ntrevethang4@harvard.edu
Shirlee,Nekrews,snekrewsg5@people.com.cn
Wallache,Frankis,wfrankisg6@blogspot.com
Conan,Francisco,cfranciscog7@arstechnica.com
Toby,Severs,tseversg8@boston.com
Sigmund,Tutsell,stutsellg9@dell.com
Maribelle,Rahill,mrahillga@cisco.com
Skelly,Rogeron,srogerongb@xinhuanet.com
Wright,Mac Geaney,wmacgeaneygc@theatlantic.com
Fabiano,Shrimpling,fshrimplinggd@parallels.com
Krissy,Skipton,kskiptonge@diigo.com
Desiri,Magner,dmagnergf@pinterest.com
Nickey,Taffurelli,ntaffurelligg@is.gd
Rozina,Royal,rroyalgh@accuweather.com
Gordan,Cobbledick,gcobbledickgi@bravesites.com
Mable,McGlew,mmcglewgj@oakley.com
Kathrine,Wookey,kwookeygk@admin.ch
Brigida,Stebbings,bstebbingsgl@marriott.com
Tedd,Shrive,tshrivegm@netscape.com
Rocky,Taile,rtailegn@digg.com
Marylin,Carreck,mcarreckgo@cdc.gov
Brucie,Stovin,bstovingp@booking.com
Ara,Pegden,apegdengq@barnesandnoble.com
Nickolaus,Challes,nchallesgr@myspace.com
Maressa,Mayho,mmayhogs@ebay.co.uk
Davidde,Heggadon,dheggadongt@msn.com
Katherina,Edwick,kedwickgu@elpais.com
Anthe,Cavilla,acavillagv@china.com.cn
Melitta,Titcumb,mtitcumbgw@dedecms.com
Dominique,Light,dlightgx@w3.org
Baron,Coupland,bcouplandgy@w3.org
Prudy,Malins,pmalinsgz@businessinsider.com
Katleen,Englishby,kenglishbyh0@boston.com
Phip,Everton,pevertonh1@wisc.edu
Aaren,Redman,aredmanh2@webeden.co.uk
Dulcia,Brownill,dbrownillh3@shinystat.com
Stefania,Purshouse,spurshouseh4@is.gd
Giulio,Firebrace,gfirebraceh5@canalblog.com
Denney,McPike,dmcpikeh6@indiatimes.com
Normie,Dalley,ndalleyh7@pbs.org
Zorine,Connors,zconnorsh8@hc360.com
Adorne,Agent,aagenth9@wiley.com
Grove,Willavoys,gwillavoysha@google.fr
Bryant,Rolston,brolstonhb@unesco.org
Horatia,MacIllrick,hmacillrickhc@topsy.com
Shelley,Seally,sseallyhd@hugedomains.com
Urban,Hevner,uhevnerhe@github.io
Malia,Bellas,mbellashf@phpbb.com
Bartholomew,Meake,bmeakehg@sphinn.com
Arleyne,Rosellini,arosellinihh@ucoz.ru
Hugh,Corey,hcoreyhi@techcrunch.com
Ivie,Lange,ilangehj@sphinn.com
Gill,Maffy,gmaffyhk@slashdot.org
Wolfgang,Rentenbeck,wrentenbeckhl@ucoz.com
Ailene,Barnaby,abarnabyhm@cnet.com
Cathleen,Tomkys,ctomkyshn@nationalgeographic.com
Annette,Batchan,abatchanho@salon.com
Ebonee,Kellett,ekelletthp@merriam-webster.com
Binky,Herrema,bherremahq@constantcontact.com
Fey,Brettor,fbrettorhr@slideshare.net
Dacy,Manicomb,dmanicombhs@cdbaby.com
Seth,Caddell,scaddellht@about.com
Gayel,Emmens,gemmenshu@tripod.com
Dodi,Sheward,dshewardhv@ibm.com
Benji,Mougel,bmougelhw@home.pl
Archy,Innot,ainnothx@moonfruit.com
Caddric,Lerhinan,clerhinanhy@amazon.co.jp
Marja,Licciardo,mlicciardohz@who.int
Reagan,Hlavac,rhlavaci0@squidoo.com
Elmira,Stannas,estannasi1@msu.edu
Winna,Taunton.,wtauntoni2@jigsy.com
Basilius,Iwanicki,biwanickii3@theglobeandmail.com
Peder,Smithin,psmithini4@msu.edu
Winnie,Mallabund,wmallabundi5@odnoklassniki.ru
Coletta,Ranfield,cranfieldi6@ning.com
Florette,Sarson,fsarsoni7@slashdot.org
Hedy,Dollimore,hdollimorei8@vk.com
Elana,Warratt,ewarratti9@simplemachines.org
Suzette,Blissett,sblissettia@technorati.com
Lura,Bute,lbuteib@simplemachines.org
Harwilll,Bailes,hbailesic@cdbaby.com
Merrill,Whitrod,mwhitrodid@mapquest.com
Leona,Brislen,lbrislenie@i2i.jp
Ev,Hutchison,ehutchisonif@google.ca
Billie,Winterson,bwintersonig@nytimes.com
Odille,Edis,oedisih@smugmug.com
Kara-lynn,Dimeloe,kdimeloeii@creativecommons.org
Tally,Chiverton,tchivertonij@domainmarket.com
Rena,Shergold,rshergoldik@yellowpages.com
Bob,Eastbury,beastburyil@wisc.edu
Caron,Romain,cromainim@bbb.org
Gibb,Reffe,greffein@nyu.edu
Madlen,Renals,mrenalsio@hatena.ne.jp
Theressa,Nussey,tnusseyip@over-blog.com
Justino,Wogden,jwogdeniq@nature.com
Emyle,Pendock,ependockir@bravesites.com
Rivy,Godspede,rgodspedeis@columbia.edu
Calli,Besnard,cbesnardit@hostgator.com
Dewey,Filipponi,dfilipponiiu@vinaora.com
Roderick,Heephy,rheephyiv@netvibes.com
Giustina,Templar,gtemplariw@yahoo.co.jp
Sloan,Edgerley,sedgerleyix@1und1.de
Faustina,Heinreich,fheinreichiy@bravesites.com
Kaleena,Tuvey,ktuveyiz@cbsnews.com
Nickey,Dunleavy,ndunleavyj0@ihg.com
Bambi,Hymor,bhymorj1@fotki.com
Alysa,Dysart,adysartj2@ezinearticles.com
Ethelin,Detoc,edetocj3@thetimes.co.uk
Barr,Andrusyak,bandrusyakj4@gravatar.com
Dicky,Mayman,dmaymanj5@about.me
Kingsly,Cresswell,kcresswellj6@msn.com
Erina,Tanzer,etanzerj7@nydailynews.com
Janeva,Paskell,jpaskellj8@accuweather.com
Stephani,Lyven,slyvenj9@networksolutions.com
Magda,Suddick,msuddickja@opensource.org
Homer,Milam,hmilamjb@whitehouse.gov
Jacintha,Alleburton,jalleburtonjc@parallels.com
Benita,Wallsworth,bwallsworthjd@google.com
Ely,Johnke,ejohnkeje@dell.com
Corine,Endrizzi,cendrizzijf@nsw.gov.au
Arne,Passion,apassionjg@icq.com
Daphene,Scholar,dscholarjh@reference.com
Remus,Greenman,rgreenmanji@linkedin.com
Shamus,Richings,srichingsjj@purevolume.com
Kenna,McSparran,kmcsparranjk@barnesandnoble.com
Candida,Shackleton,cshackletonjl@usa.gov
Elijah,Hynde,ehyndejm@cmu.edu
Donnie,Tasker,dtaskerjn@pagesperso-orange.fr
Kevina,Kobpac,kkobpacjo@bloomberg.com
Jackelyn,Rottgers,jrottgersjp@reddit.com
Cobbie,Sleany,csleanyjq@shop-pro.jp
Hildagard,Shorte,hshortejr@stumbleupon.com
Brenn,Souttar,bsouttarjs@ameblo.jp
Tabitha,Serris,tserrisjt@wiley.com
Nathaniel,Brearty,nbreartyju@wp.com
Siobhan,Gleave,sgleavejv@exblog.jp
Kathrine,Vasilmanov,kvasilmanovjw@privacy.gov.au
Lisette,Tabourier,ltabourierjx@sourceforge.net
Kirk,Kupke,kkupkejy@blogtalkradio.com
Bernie,Winham,bwinhamjz@istockphoto.com
Effie,Dunkinson,edunkinsonk0@cyberchimps.com
Alys,Sellens,asellensk1@fda.gov
Modestine,Domenget,mdomengetk2@quantcast.com
Kipper,Dudding,kduddingk3@yellowbook.com
Guenevere,Twine,gtwinek4@nymag.com
Charmane,Pallister,cpallisterk5@ibm.com
Mariam,Bettles,mbettlesk6@technorati.com
Gwenora,Blackleech,gblackleechk7@constantcontact.com
Saidee,Hailwood,shailwoodk8@arizona.edu
Sib,Mingus,smingusk9@wikia.com
Sibylle,Fader,sfaderka@comsenz.com
Tandi,Belchambers,tbelchamberskb@slate.com
Allsun,Gumn,agumnkc@so-net.ne.jp
Moise,Suttill,msuttillkd@usatoday.com
Nichols,Landal,nlandalke@tmall.com
Marcello,Kinver,mkinverkf@webmd.com
Herculie,Dreakin,hdreakinkg@prnewswire.com
Michail,Driscoll,mdriscollkh@hubpages.com
Ricard,Karolowski,rkarolowskiki@webmd.com
Coleen,Jeans,cjeanskj@time.com
Barrett,Gliddon,bgliddonkk@utexas.edu
Datha,Flatley,dflatleykl@theatlantic.com
Gabriellia,Jiruch,gjiruchkm@psu.edu
Maure,Veschi,mveschikn@arizona.edu
Aurelea,Boler,abolerko@over-blog.com
Betty,Mourge,bmourgekp@mysql.com
Gregorio,Crone,gcronekq@salon.com
Tasia,Sokell,tsokellkr@alexa.com
Dyan,MacAskie,dmacaskieks@myspace.com
Fayth,Beaman,fbeamankt@earthlink.net
Daniel,Marlin,dmarlinku@a8.net
Lenci,Cropton,lcroptonkv@unc.edu
Flori,Downing,fdowningkw@nps.gov
Tamarah,Fery,tferykx@cornell.edu
Ewen,Balshaw,ebalshawky@spiegel.de
Bonnee,Jorin,bjorinkz@devhub.com
Malorie,Attrey,mattreyl0@webeden.co.uk
Cyb,Charlin,ccharlinl1@cdc.gov
Carny,Rikel,crikell2@pinterest.com
Brit,Bourtoumieux,bbourtoumieuxl3@harvard.edu
Angil,Peever,apeeverl4@china.com.cn
Yorgo,Caulder,ycaulderl5@telegraph.co.uk
Zea,Bohea,zboheal6@scribd.com
Marlee,Nagle,mnaglel7@twitter.com
Tori,Pieper,tpieperl8@hud.gov
Robyn,Perago,rperagol9@comsenz.com
Elise,Yellowlee,eyellowleela@columbia.edu
Sinclare,Stennes,sstenneslb@fema.gov
Huberto,Heggs,hheggslc@stumbleupon.com
Jaymee,Mallender,jmallenderld@taobao.com
Gideon,Lougheid,glougheidle@scribd.com
Cami,Macon,cmaconlf@delicious.com
Candra,Pellant,cpellantlg@simplemachines.org
Candice,Hollyland,chollylandlh@bing.com
Eilis,Greenaway,egreenawayli@uol.com.br
Orelee,Lewson,olewsonlj@paginegialle.it
Laverne,Plowman,lplowmanlk@webnode.com
Caspar,Roget,crogetll@aol.com
Stanton,Badini,sbadinilm@netvibes.com
Kaile,Britee,kbriteeln@networkadvertising.org
Sisile,Baniard,sbaniardlo@arizona.edu
Hy,Mander,hmanderlp@yahoo.co.jp
Donia,Brussell,dbrusselllq@technorati.com
Gustaf,Kayley,gkayleylr@bigcartel.com
Peggie,Winterbotham,pwinterbothamls@t.co
Hernando,De Paepe,hdepaepelt@1und1.de
Meghan,Brahan,mbrahanlu@virginia.edu
Mickey,Schumacher,mschumacherlv@wunderground.com
Lainey,Harler,lharlerlw@live.com
Tammie,Di Biasi,tdibiasilx@cbslocal.com
Karlotte,Prestie,kprestiely@hexun.com
Gar,Gillmore,ggillmorelz@yale.edu
Abigael,Maus,amausm0@netlog.com
Johnna,Playhill,jplayhillm1@reuters.com
Doro,Winstone,dwinstonem2@cyberchimps.com
Giavani,Kerrod,gkerrodm3@webnode.com
Selig,McLenaghan,smclenaghanm4@about.me
Franzen,Whipple,fwhipplem5@soup.io
Brynne,Muddimer,bmuddimerm6@vk.com
Devina,Spyby,dspybym7@oracle.com
Marigold,Henrych,mhenrychm8@fotki.com
Barby,Manjot,bmanjotm9@cafepress.com
Elwyn,Libermore,elibermorema@flickr.com
Stormie,Mattusevich,smattusevichmb@unesco.org
Maren,Barten,mbartenmc@bloglines.com
Jacquenette,Hoyles,jhoylesmd@prlog.org
Bartholomeus,Towsie,btowsieme@free.fr
Israel,Nockalls,inockallsmf@yahoo.com
Gunar,Tolerton,gtolertonmg@examiner.com
Karlene,Sybe,ksybemh@utexas.edu
Merilee,McKearnen,mmckearnenmi@lulu.com
Lester,Glide,lglidemj@scientificamerican.com
Zelig,Charrette,zcharrettemk@chron.com
Agnes,Mothersole,amothersoleml@wordpress.com
Delcine,Dominicacci,ddominicaccimm@psu.edu
Aimee,Addison,aaddisonmn@upenn.edu
Chevalier,Saturley,csaturleymo@51.la
Jobyna,Huggon,jhuggonmp@sina.com.cn
Lonnie,Heijnen,lheijnenmq@moonfruit.com
Haily,Santoro,hsantoromr@ihg.com
Modestia,Clemoes,mclemoesms@vinaora.com
Darrelle,Langmaid,dlangmaidmt@cpanel.net
Orelle,Vigurs,ovigursmu@paginegialle.it
Patsy,Kinge,pkingemv@w3.org
Arman,Gariff,agariffmw@google.fr
Darwin,Chilley,dchilleymx@bing.com
Pietro,Roelvink,proelvinkmy@theguardian.com
Sherman,Gordon,sgordonmz@ovh.net
Dallas,Stockle,dstocklen0@geocities.jp
Carrol,Mackro,cmackron1@biblegateway.com
Marsh,Basant,mbasantn2@w3.org
Delia,MacPaike,dmacpaiken3@mysql.com
Gloriane,Peteri,gpeterin4@cam.ac.uk
Geoffrey,Airton,gairtonn5@utexas.edu
Pauly,Thomsson,pthomssonn6@arizona.edu
Gerta,Chimes,gchimesn7@amazon.co.uk
Ingelbert,Cornforth,icornforthn8@webnode.com
Eleen,Dradey,edradeyn9@webmd.com
Isiahi,Sangwin,isangwinna@census.gov
Babb,Pitkaithly,bpitkaithlynb@xrea.com
Abner,Catterell,acatterellnc@twitpic.com
Reggie,Kubach,rkubachnd@bing.com
Johanna,Wiffen,jwiffenne@zdnet.com
Raine,Goggey,rgoggeynf@mlb.com
Jobey,Olyff,jolyffng@bloglines.com
Silvain,McGawn,smcgawnnh@skype.com
Eberhard,Florey,efloreyni@skyrock.com
Harv,Colbertson,hcolbertsonnj@zdnet.com
Gaven,Tittletross,gtittletrossnk@cargocollective.com
Joyan,Stampfer,jstampfernl@histats.com
Martino,Shepard,mshepardnm@networkadvertising.org
Maximo,Wadeling,mwadelingnn@meetup.com
Kaleena,Fonte,kfonteno@sbwire.com
Elliott,Standfield,estandfieldnp@berkeley.edu
Aloisia,Spat,aspatnq@tinyurl.com
David,Thompstone,dthompstonenr@yolasite.com
Dyanne,Luebbert,dluebbertns@psu.edu
Bess,Denness,bdennessnt@purevolume.com
Myrlene,Couroy,mcouroynu@un.org
Zandra,Hollingshead,zhollingsheadnv@google.ca
Bernete,Vannah,bvannahnw@eepurl.com
Prinz,MacIlriach,pmacilriachnx@shutterfly.com
Elsbeth,McKeaney,emckeaneyny@loc.gov
Carlyn,Greeves,cgreevesnz@pcworld.com
Kara,Fidal,kfidalo0@so-net.ne.jp
Burch,Ringwood,bringwoodo1@behance.net
Carry,Rennenbach,crennenbacho2@japanpost.jp
Nonie,Sazio,nsazioo3@imgur.com
Waiter,Habble,whabbleo4@wp.com
Erinn,O'Corr,eocorro5@ifeng.com
James,Guerrier,jguerriero6@netscape.com
Timothea,MacVean,tmacveano7@51.la
Leontyne,Crowley,lcrowleyo8@about.com
Adela,Verry,averryo9@cbsnews.com
Meta,Jansik,mjansikoa@sun.com
Kimberlyn,Farnhill,kfarnhillob@sakura.ne.jp
Marion,Drewe,mdreweoc@theatlantic.com
Maurise,Chown,mchownod@blog.com
Menard,Cubbino,mcubbinooe@usgs.gov
Ian,Arnow,iarnowof@ow.ly
Merrielle,Lovering,mloveringog@tumblr.com
Gretna,O'Finan,gofinanoh@unicef.org
Cassandra,Openshaw,copenshawoi@hubpages.com
Gene,Cubuzzi,gcubuzzioj@nih.gov
Ephrayim,Belsher,ebelsherok@newyorker.com
Nerti,Petheridge,npetheridgeol@ebay.co.uk
Tadio,Matkin,tmatkinom@bravesites.com
Sidoney,Rhule,srhuleon@abc.net.au
Chrotoem,MacGilpatrick,cmacgilpatrickoo@storify.com
Timotheus,Cheley,tcheleyop@tripod.com
Kaycee,Catherick,kcatherickoq@studiopress.com
Esme,Arnet,earnetor@deliciousdays.com
Pierrette,Lelliott,plelliottos@over-blog.com
Gae,Willmott,gwillmottot@hostgator.com
Cy,Charity,ccharityou@rediff.com
Dev,Jersch,djerschov@go.com
Kellia,Shillabeer,kshillabeerow@scribd.com
Roi,Obee,robeeox@skyrock.com
Brinn,Willgress,bwillgressoy@europa.eu
Jojo,Sedman,jsedmanoz@github.io
Jody,ducarme,jducarmep0@umn.edu
Jessee,Olechnowicz,jolechnowiczp1@mtv.com
Saba,Temby,stembyp2@hp.com
Petronella,Rawcliffe,prawcliffep3@newyorker.com
Byrann,Swane,bswanep4@dell.com
Marrissa,Guice,mguicep5@auda.org.au
Christophorus,Casero,ccaserop6@naver.com
Meredithe,Lage,mlagep7@opensource.org
Marrilee,Lynskey,mlynskeyp8@ezinearticles.com
Audrye,Tabord,atabordp9@vinaora.com
Morley,Ackrill,mackrillpa@latimes.com
Rutledge,Wearden,rweardenpb@smugmug.com
Antin,Duetschens,aduetschenspc@weibo.com
Dede,Radloff,dradloffpd@360.cn
Vickie,Laverick,vlaverickpe@statcounter.com
Fin,Kubec,fkubecpf@issuu.com
Cece,Mullin,cmullinpg@npr.org
Faustine,Dimmer,fdimmerph@statcounter.com
Thomasine,Fransinelli,tfransinellipi@dedecms.com
Bertie,Somerscales,bsomerscalespj@i2i.jp
Ruth,Johann,rjohannpk@joomla.org
Sophey,Fishbourn,sfishbournpl@vk.com
Marlo,Hrachovec,mhrachovecpm@va.gov
Reuven,Shadrack,rshadrackpn@mozilla.com
Kit,Garvagh,kgarvaghpo@sciencedirect.com
Jessie,MacAllan,jmacallanpp@canalblog.com
Killian,Gobeau,kgobeaupq@businessweek.com
Gaspard,Kettleson,gkettlesonpr@economist.com
Marlowe,Rixon,mrixonps@imdb.com
Cordy,Kordovani,ckordovanipt@ocn.ne.jp
Cristionna,Deamer,cdeamerpu@smugmug.com
Odell,Levitt,olevittpv@ebay.co.uk
Tine,Sambiedge,tsambiedgepw@reddit.com
Iggy,Jagiela,ijagielapx@edublogs.org
Barty,Haynesford,bhaynesfordpy@edublogs.org
Candi,Dreigher,cdreigherpz@oaic.gov.au
Reggi,Huerta,rhuertaq0@marketwatch.com
Dallas,Lewis,dlewisq1@cpanel.net
Noellyn,Richold,nricholdq2@blog.com
Ginger,Heminsley,gheminsleyq3@blogs.com
Alyss,Petranek,apetranekq4@desdev.cn
Tiebold,Aston,tastonq5@wordpress.com
Bessy,Crosskill,bcrosskillq6@foxnews.com
Art,Albasiny,aalbasinyq7@prweb.com
Bondon,Manifield,bmanifieldq8@miitbeian.gov.cn
Alexandrina,Costanza,acostanzaq9@amazonaws.com
Hyacintha,Larne,hlarneqa@wp.com
Caro,Gribble,cgribbleqb@oakley.com
Julienne,Willars,jwillarsqc@woothemes.com
Launce,Bentote,lbentoteqd@purevolume.com
Kirstyn,Drinkhall,kdrinkhallqe@tiny.cc
Chilton,Flaherty,cflahertyqf@ftc.gov
Judd,Melson,jmelsonqg@squidoo.com
Tonya,Sherar,tsherarqh@csmonitor.com
Ferdinande,Trevance,ftrevanceqi@storify.com
Shawn,Glazyer,sglazyerqj@discovery.com
Esther,Semiraz,esemirazqk@yale.edu
Randall,Shawcross,rshawcrossql@tinypic.com
Dorri,Chinn,dchinnqm@examiner.com
Stevana,McGeneay,smcgeneayqn@tiny.cc
Felipa,Kauble,fkaubleqo@technorati.com
Korrie,Linnard,klinnardqp@ca.gov
Anabella,Park,aparkqq@ocn.ne.jp
Jordana,Westhoff,jwesthoffqr@harvard.edu
Elinore,Thelwll,ethelwllqs@unicef.org
Meyer,Kuschek,mkuschekqt@sciencedirect.com
Jorie,Hubback,jhubbackqu@toplist.cz
Con,McCoish,cmccoishqv@businesswire.com
Vivian,Smaile,vsmaileqw@nbcnews.com
Erick,Cianni,ecianniqx@umn.edu
Madelle,Beaston,mbeastonqy@toplist.cz
Jaclyn,Ducroe,jducroeqz@cbslocal.com
Britt,Iskowitz,biskowitzr0@disqus.com
Honor,Pering,hperingr1@ox.ac.uk
Glendon,Felton,gfeltonr2@amazon.de
Feodora,Cathel,fcathelr3@prlog.org
Lanae,O'Hdirscoll,lohdirscollr4@washingtonpost.com
Johnathon,MacQuarrie,jmacquarrier5@weather.com
Amalie,Ware,awarer6@hexun.com
Lucius,Beat,lbeatr7@cbslocal.com
Cecil,Tadman,ctadmanr8@privacy.gov.au
Kienan,Kail,kkailr9@europa.eu
Gae,John,gjohnra@ca.gov
Stanislaw,Boldison,sboldisonrb@amazon.co.uk
Allissa,Gaynes,agaynesrc@wikipedia.org
Johannes,Tossell,jtossellrd@chicagotribune.com
Yancey,Tamsett,ytamsettre@multiply.com
Elaine,D'Angeli,edangelirf@netscape.com
Dugald,Ivoshin,divoshinrg@nyu.edu
Albertina,Neeve,aneeverh@illinois.edu
Roxy,Hardeman,rhardemanri@geocities.com
Drusie,Clutten,dcluttenrj@privacy.gov.au
Ryley,Parton,rpartonrk@pen.io
Melodee,Masding,mmasdingrl@army.mil
Murdoch,Crinage,mcrinagerm@ycombinator.com
Nils,Oxborough,noxboroughrn@posterous.com
Minna,Huygens,mhuygensro@devhub.com
Vance,Dearle-Palser,vdearlepalserrp@webs.com
Gustavus,Brood,gbroodrq@oaic.gov.au
Leda,Hendonson,lhendonsonrr@whitehouse.gov
